[
  {
    "op": "core/column-removal",
    "columnName": "high_price",
    "description": "Remove column high_price"
  },
  {
    "op": "core/text-transform",
    "engineConfig": {
      "facets": [],
      "mode": "row-based"
    },
    "columnName": "price",
    "expression": "value.toNumber()",
    "onError": "keep-original",
    "repeat": false,
    "repeatCount": 10,
    "description": "Text transform on cells in column price using expression value.toNumber()"
  },
  {
    "op": "core/text-transform",
    "engineConfig": {
      "facets": [
        {
          "type": "list",
          "name": "price",
          "expression": "isBlank(value)",
          "columnName": "price",
          "invert": false,
          "omitBlank": false,
          "omitError": false,
          "selection": [
            {
              "v": {
                "v": false,
                "l": "false"
              }
            }
          ],
          "selectBlank": false,
          "selectError": false
        },
        {
          "type": "range",
          "name": "price",
          "expression": "grel:if(value == 0, \"Zero\", value)",
          "columnName": "price",
          "from": 0,
          "to": 31000,
          "selectNumeric": true,
          "selectNonNumeric": false,
          "selectBlank": true,
          "selectError": true
        }
      ],
      "mode": "row-based"
    },
    "columnName": "created_at",
    "expression": "jython:return value[:-4]",
    "onError": "keep-original",
    "repeat": false,
    "repeatCount": 10,
    "description": "Text transform on cells in column created_at using expression jython:return value[:-4]"
  },
  {
    "op": "core/text-transform",
    "engineConfig": {
      "facets": [
        {
          "type": "list",
          "name": "price",
          "expression": "isBlank(value)",
          "columnName": "price",
          "invert": false,
          "omitBlank": false,
          "omitError": false,
          "selection": [
            {
              "v": {
                "v": false,
                "l": "false"
              }
            }
          ],
          "selectBlank": false,
          "selectError": false
        },
        {
          "type": "range",
          "name": "price",
          "expression": "grel:if(value == 0, \"Zero\", value)",
          "columnName": "price",
          "from": 0,
          "to": 31000,
          "selectNumeric": true,
          "selectNonNumeric": false,
          "selectBlank": true,
          "selectError": true
        }
      ],
      "mode": "row-based"
    },
    "columnName": "updated_at",
    "expression": "jython:return value[:-4]",
    "onError": "keep-original",
    "repeat": false,
    "repeatCount": 10,
    "description": "Text transform on cells in column updated_at using expression jython:return value[:-4]"
  },
  {
    "op": "core/row-flag",
    "engineConfig": {
      "facets": [
        {
          "type": "list",
          "name": "price",
          "expression": "isBlank(value)",
          "columnName": "price",
          "invert": false,
          "omitBlank": false,
          "omitError": false,
          "selection": [
            {
              "v": {
                "v": false,
                "l": "false"
              }
            }
          ],
          "selectBlank": false,
          "selectError": false
        },
        {
          "type": "range",
          "name": "price",
          "expression": "grel:if(value==0,\"zero\",value)",
          "columnName": "price",
          "from": 0,
          "to": 31000,
          "selectNumeric": true,
          "selectNonNumeric": false,
          "selectBlank": true,
          "selectError": true
        },
        {
          "type": "list",
          "name": "dish_id",
          "expression": "isBlank(value)",
          "columnName": "dish_id",
          "invert": false,
          "omitBlank": false,
          "omitError": false,
          "selection": [
            {
              "v": {
                "v": false,
                "l": "false"
              }
            }
          ],
          "selectBlank": false,
          "selectError": false
        }
      ],
      "mode": "row-based"
    },
    "flagged": true,
    "description": "Flag rows"
  }
]