[
  {
    "op": "core/text-transform",
    "engineConfig": {
      "facets": [],
      "mode": "row-based"
    },
    "columnName": "name",
    "expression": "value.trim()",
    "onError": "keep-original",
    "repeat": false,
    "repeatCount": 10,
    "description": "Text transform on cells in column name using expression value.trim()"
  },
  {
    "op": "core/text-transform",
    "engineConfig": {
      "facets": [],
      "mode": "row-based"
    },
    "columnName": "name",
    "expression": "value.replace(/[\\p{Zs}\\s]+/,' ')",
    "onError": "keep-original",
    "repeat": false,
    "repeatCount": 10,
    "description": "Text transform on cells in column name using expression value.replace(/[\\p{Zs}\\s]+/,' ')"
  },
  {
    "op": "core/text-transform",
    "engineConfig": {
      "facets": [],
      "mode": "row-based"
    },
    "columnName": "menus_appeared",
    "expression": "value.toNumber()",
    "onError": "keep-original",
    "repeat": false,
    "repeatCount": 10,
    "description": "Text transform on cells in column menus_appeared using expression value.toNumber()"
  },
  {
    "op": "core/text-transform",
    "engineConfig": {
      "facets": [],
      "mode": "row-based"
    },
    "columnName": "times_appeared",
    "expression": "value.toNumber()",
    "onError": "keep-original",
    "repeat": false,
    "repeatCount": 10,
    "description": "Text transform on cells in column times_appeared using expression value.toNumber()"
  },
  {
    "op": "core/text-transform",
    "engineConfig": {
      "facets": [],
      "mode": "row-based"
    },
    "columnName": "first_appeared",
    "expression": "value.toNumber()",
    "onError": "keep-original",
    "repeat": false,
    "repeatCount": 10,
    "description": "Text transform on cells in column first_appeared using expression value.toNumber()"
  },
  {
    "op": "core/text-transform",
    "engineConfig": {
      "facets": [],
      "mode": "row-based"
    },
    "columnName": "last_appeared",
    "expression": "value.toNumber()",
    "onError": "keep-original",
    "repeat": false,
    "repeatCount": 10,
    "description": "Text transform on cells in column last_appeared using expression value.toNumber()"
  },
  {
    "op": "core/text-transform",
    "engineConfig": {
      "facets": [],
      "mode": "row-based"
    },
    "columnName": "lowest_price",
    "expression": "value.toNumber()",
    "onError": "keep-original",
    "repeat": false,
    "repeatCount": 10,
    "description": "Text transform on cells in column lowest_price using expression value.toNumber()"
  },
  {
    "op": "core/text-transform",
    "engineConfig": {
      "facets": [],
      "mode": "row-based"
    },
    "columnName": "highest_price",
    "expression": "value.toNumber()",
    "onError": "keep-original",
    "repeat": false,
    "repeatCount": 10,
    "description": "Text transform on cells in column highest_price using expression value.toNumber()"
  },
  {
    "op": "core/column-removal",
    "columnName": "description",
    "description": "Remove column description"
  },
  {
    "op": "core/text-transform",
    "engineConfig": {
      "facets": [],
      "mode": "row-based"
    },
    "columnName": "lowest_price",
    "expression": "grel:if(isBlank(value),null,value)",
    "onError": "keep-original",
    "repeat": false,
    "repeatCount": 10,
    "description": "Text transform on cells in column lowest_price using expression grel:if(isBlank(value),null,value)"
  },
  {
    "op": "core/text-transform",
    "engineConfig": {
      "facets": [],
      "mode": "row-based"
    },
    "columnName": "highest_price",
    "expression": "grel:if(isBlank(value),null,value)",
    "onError": "keep-original",
    "repeat": false,
    "repeatCount": 10,
    "description": "Text transform on cells in column highest_price using expression grel:if(isBlank(value),null,value)"
  },
  {
    "op": "core/column-addition",
    "engineConfig": {
      "facets": [],
      "mode": "row-based"
    },
    "baseColumnName": "times_appeared",
    "expression": "grel:value - cells['menus_appeared'].value",
    "onError": "set-to-blank",
    "newColumnName": "negative appeared",
    "columnInsertIndex": 4,
    "description": "Create column negative appeared at index 4 based on column times_appeared using expression grel:value - cells['menus_appeared'].value"
  },
  {
    "op": "core/text-transform",
    "engineConfig": {
      "facets": [
        {
          "type": "range",
          "name": "negative appeared",
          "expression": "value",
          "columnName": "negative appeared",
          "from": -10,
          "to": 0,
          "selectNumeric": true,
          "selectNonNumeric": true,
          "selectBlank": true,
          "selectError": true
        }
      ],
      "mode": "row-based"
    },
    "columnName": "negative appeared",
    "expression": "grel:0",
    "onError": "keep-original",
    "repeat": false,
    "repeatCount": 10,
    "description": "Text transform on cells in column negative appeared using expression grel:0"
  },
  {
    "op": "core/column-addition",
    "engineConfig": {
      "facets": [],
      "mode": "row-based"
    },
    "baseColumnName": "highest_price",
    "expression": "grel:value - cells['lowest_price'].value",
    "onError": "set-to-blank",
    "newColumnName": "negative price",
    "columnInsertIndex": 9,
    "description": "Create column negative price at index 9 based on column highest_price using expression grel:value - cells['lowest_price'].value"
  },
  {
    "op": "core/column-addition",
    "engineConfig": {
      "facets": [],
      "mode": "row-based"
    },
    "baseColumnName": "last_appeared",
    "expression": "grel:value - cells['first_appeared'].value",
    "onError": "set-to-blank",
    "newColumnName": "Negative times appeared",
    "columnInsertIndex": 7,
    "description": "Create column Negative times appeared at index 7 based on column last_appeared using expression grel:value - cells['first_appeared'].value"
  },
  {
    "op": "core/column-removal",
    "columnName": "negative appeared",
    "description": "Remove column negative appeared"
  },
  {
    "op": "core/column-removal",
    "columnName": "Negative times appeared",
    "description": "Remove column Negative times appeared"
  }
]